Edad,GENERO,ESTADO_CIVIL,NUMERO_HIJOS,TIEMPO_PROPIETARIO,Edad Licencia,Mean(Recorrido (Km)),Mean(Frenadas (Uni)),Mean(Arrancadas (Uni)),Mean(Aceleraciones (Uni)),Mean(Exceso Velocidad (Min)),Mean(Maxima Velocidad (Km/h)),Mean(Tiempo Uso (Min)),Mean(Uso Zona (Min)),Mean(Fuera Zona (Min)),Mean(Colision),MARCA,CLASE,TIPO,MODELO,SINIESTROS,Cluster_Kmeans,Cluster_HierarchicalClustering,Cluster_DBSCAN
72,0,0,4,5,55,3.0,0.2,0.6,0.0,0.0,0.0,21.2,21.2,0.0,0.0,0,0,0,1987,0,0,0,0
35,0,0,0,7,9,9.36,0.08,0.0,1.08,0.02,1.94,28.09,0.0,28.09,0.0,1,0,1,1992,0,0,0,0
81,1,0,3,10,61,4.8,0.4,0.02,0.59,0.0,0.0,21.01,7.66,13.36,0.0,0,0,2,1998,0,1,1,1
38,1,1,0,5,11,7.53,0.17,0.01,0.0,0.2,9.17,22.65,21.31,1.34,0.01,2,0,3,2003,0,1,1,1
70,0,0,0,6,37,5.96,2.71,0.0,1.03,0.13,1.75,22.62,7.47,15.15,0.0,3,0,4,2003,0,0,0,0
40,0,0,1,4,10,9.62,0.12,0.03,0.0,0.09,7.76,26.65,22.89,3.77,0.0,4,0,5,2005,1,3,2,2
45,0,0,3,2,24,13.15,0.15,0.0,2.22,0.98,19.97,27.24,15.39,11.85,0.0,5,1,6,2004,0,0,0,0
54,1,0,2,3,33,7.09,0.35,0.02,1.49,0.28,3.84,23.51,2.04,21.48,0.0,4,0,5,2005,0,1,1,1
57,0,0,2,1,14,6.18,0.0,0.09,1.55,0.0,0.0,26.45,0.0,26.45,0.0,4,0,5,2005,1,3,2,2
53,1,0,2,3,13,13.13,0.09,0.03,1.25,0.87,8.68,29.93,1.96,27.97,0.0,1,0,7,2006,0,1,1,1
28,0,0,1,0,6,9.35,134.71,0.0,0.06,0.76,6.59,58.52,53.05,5.47,0.0,2,0,8,2006,0,0,0,-1
31,0,2,0,0,13,5.42,0.43,0.01,1.95,0.82,4.27,22.25,7.1,15.15,0.0,2,0,9,2006,0,0,0,0
59,0,0,3,3,35,7.44,0.04,0.0,1.18,0.05,4.31,59.46,0.0,59.46,0.0,6,0,10,2006,0,0,0,0
49,0,3,1,1,22,5.84,0.03,0.05,0.6,0.01,0.67,24.92,0.02,24.9,0.0,1,0,7,2007,0,0,0,0
32,0,0,0,2,6,7.21,0.65,7.26,1.77,1.5,11.91,21.89,0.0,21.89,0.0,3,0,11,2007,0,0,0,0
60,0,0,2,2,5,5.56,0.0,0.0,0.74,0.0,0.0,19.44,0.0,19.44,0.0,3,0,11,2007,0,0,0,0
58,1,0,2,1,17,8.22,0.17,0.0,0.0,0.2,4.78,22.71,17.75,4.96,0.0,7,0,12,2007,1,2,3,3
28,1,2,0,1,6,7.1,0.37,2.62,0.14,0.05,2.01,21.77,21.49,0.28,0.01,7,0,13,1998,0,1,1,1
39,0,0,1,2,8,9.09,2.08,2.51,0.73,0.61,5.24,26.67,1.13,25.53,0.0,1,0,14,2005,1,3,2,2
46,1,0,1,1,15,3.8,1.59,7.36,2.3,0.03,1.87,18.79,0.44,18.35,0.0,1,0,14,2008,0,1,1,1
54,1,0,2,1,37,6.95,4.0,3.95,1.37,0.28,8.02,23.33,2.83,20.51,0.01,8,0,15,2007,0,1,1,1
48,0,0,3,1,38,11.03,0.0,0.0,1.03,0.02,0.93,28.82,18.38,10.45,0.0,9,1,16,2008,0,0,0,0
47,1,0,3,0,21,11.64,0.79,0.67,0.82,0.18,6.13,26.5,1.17,25.33,0.0,10,0,17,2008,0,1,1,1
36,0,0,2,1,10,4.38,0.39,0.28,0.55,0.35,7.11,13.23,0.27,12.96,0.0,10,0,18,2008,0,0,0,0
58,1,2,1,0,12,10.64,0.14,0.01,0.07,0.06,2.61,29.4,26.58,2.82,0.0,1,0,7,2009,0,1,1,1
39,0,0,0,0,13,8.92,1.76,0.01,1.67,0.51,19.27,25.33,5.79,19.54,0.0,1,0,19,2008,0,0,0,0
68,0,0,3,0,39,10.13,0.09,0.01,2.65,0.91,20.14,26.9,0.3,26.6,0.0,10,0,18,2009,0,0,0,0
35,1,2,0,0,15,4.83,0.33,0.0,0.0,0.17,15.73,13.0,0.0,13.0,0.0,11,0,20,2009,0,1,1,1
63,1,4,2,0,37,7.47,0.15,0.01,0.64,0.78,15.65,20.25,10.31,9.94,0.0,10,0,18,2009,0,1,1,1
32,1,2,0,0,13,15.94,1.06,0.0,0.12,1.06,29.38,26.88,4.41,22.47,0.0,5,1,21,2009,0,1,1,1
28,0,2,0,0,9,7.17,0.23,0.01,2.18,0.46,13.09,21.03,4.99,16.04,0.0,1,0,14,2009,0,0,0,0
35,0,2,0,0,9,4.38,3.85,0.0,0.23,0.24,2.4,14.83,13.96,0.87,0.0,4,2,22,2009,0,0,0,0
25,1,2,0,1,5,8.4,2.12,3.68,0.16,0.08,7.47,21.8,21.8,0.0,0.0,1,0,23,2008,1,2,3,3
27,1,2,0,2,10,5.08,0.02,0.0,0.83,0.04,3.98,20.71,20.1,0.61,0.0,2,0,24,2006,0,1,1,1
43,1,0,1,1,13,10.61,0.05,0.05,1.66,1.1,16.06,21.99,14.85,7.15,0.0,11,0,25,2006,1,2,3,3
71,0,2,0,1,3,8.5,6.46,0.0,1.04,0.34,3.68,26.81,0.87,25.94,0.0,12,1,26,2009,0,0,0,0
52,0,0,2,0,17,13.82,0.95,0.12,1.44,0.16,10.34,32.88,1.21,31.67,0.0,5,1,27,2010,0,0,0,0
26,0,2,0,2,1,6.09,0.95,3.65,0.16,0.0,0.0,19.69,17.94,1.75,0.01,2,0,3,2004,1,3,2,2
27,0,2,0,1,8,9.65,0.1,0.01,0.35,1.56,24.29,20.75,4.86,15.89,0.0,2,0,24,2009,1,3,2,2
54,0,0,0,2,1,4.03,0.0,0.0,0.78,0.0,0.0,17.91,12.81,5.09,0.0,1,0,1,1998,0,0,0,0
83,0,0,2,1,3,4.47,0.03,0.01,1.73,0.0,0.0,19.51,18.37,1.14,0.0,1,0,28,2008,0,0,0,0
47,0,0,2,3,15,6.7,0.85,3.43,0.11,0.6,7.29,17.23,15.08,2.14,0.0,3,0,29,2005,1,3,2,2
34,1,2,0,1,2,5.85,0.01,0.0,1.16,0.0,0.0,23.73,22.96,0.77,0.0,1,0,14,2009,0,1,1,1
67,0,0,3,0,24,21.28,0.01,0.0,3.81,1.64,56.01,37.68,21.19,16.49,0.0,10,0,17,2008,0,0,0,-1
50,1,2,1,3,11,14.04,0.03,0.01,1.11,0.01,0.69,47.38,0.0,47.38,0.0,13,0,30,2008,0,1,1,1
78,1,2,0,1,1,4.01,0.37,2.03,0.0,0.0,0.0,18.57,16.46,2.11,0.0,7,0,31,2010,1,2,3,3
45,0,0,1,0,3,12.58,0.0,0.0,1.56,0.44,17.56,33.18,0.0,33.18,0.0,1,0,7,2009,1,3,2,2
44,1,0,3,1,17,6.11,3.89,0.02,0.0,0.0,0.0,19.36,8.77,10.59,0.05,1,0,32,2009,0,1,1,1
49,0,0,0,1,3,4.69,0.17,0.01,2.12,0.11,8.95,16.97,0.77,16.2,0.0,1,0,19,2008,0,0,0,0
28,1,0,1,1,3,8.86,0.3,0.01,0.15,0.64,5.91,23.25,19.03,4.22,0.0,1,0,7,2009,0,1,1,1
53,1,0,4,15,17,5.43,1.09,0.17,0.0,0.02,1.75,18.96,1.21,17.75,0.0,1,0,33,2009,0,1,1,1
28,0,2,0,0,10,6.54,0.21,0.02,2.14,0.05,3.76,21.83,0.01,21.83,0.01,2,0,34,2009,0,0,0,0
30,0,0,2,0,9,5.52,0.33,0.0,0.0,0.04,2.8,19.7,15.46,4.24,0.0,5,1,21,2009,0,0,0,0
29,1,2,0,0,11,6.68,0.62,2.26,0.57,0.2,10.0,20.88,19.27,1.61,0.0,1,0,14,2009,0,1,1,1
44,0,0,2,0,16,9.9,0.38,0.01,0.69,0.69,13.01,22.69,14.88,7.81,0.03,2,0,35,2010,1,3,2,2
47,0,3,2,1,16,12.89,4.42,0.04,1.94,1.38,21.94,27.51,0.0,27.51,0.01,2,2,36,2009,0,0,0,0
26,0,2,0,1,7,5.6,0.47,0.0,0.11,0.04,1.31,16.12,14.88,1.24,0.01,2,0,35,2009,1,3,2,2
44,1,0,2,0,23,12.23,0.2,0.01,0.49,0.46,9.65,24.69,5.84,18.85,0.01,1,0,7,2009,0,1,1,1
22,1,2,0,1,1,4.06,5.3,8.83,2.04,0.01,1.08,17.33,17.11,0.22,0.16,2,0,3,2005,0,1,1,1
45,0,0,1,1,16,15.66,0.19,0.05,0.51,0.09,2.7,28.79,2.26,26.53,0.0,1,0,7,2009,0,0,0,0
39,0,0,2,1,5,8.46,0.05,0.0,1.31,0.13,5.99,21.85,17.89,3.97,0.0,9,1,16,2009,0,0,0,0
81,0,0,3,0,8,12.37,0.69,0.15,1.48,0.02,1.74,28.98,0.0,28.98,0.0,5,1,21,2009,1,3,2,2
26,0,2,0,2,5,5.87,0.16,0.0,0.0,0.16,9.73,15.71,15.71,0.0,0.0,2,0,3,2006,1,3,2,2
53,0,0,1,1,20,11.35,0.1,0.01,0.49,0.37,11.67,24.79,6.27,18.52,0.0,1,0,7,2009,1,3,2,2
21,1,2,0,2,2,7.66,0.08,0.0,0.0,0.06,4.2,21.32,17.4,3.92,0.0,2,0,34,2007,0,1,1,1
36,1,0,2,1,2,6.61,2.06,0.11,1.92,0.07,2.87,22.29,19.72,2.58,0.01,10,0,18,2009,0,1,1,1
49,0,0,2,1,0,8.42,0.06,0.0,0.0,0.6,15.77,19.72,1.73,17.99,0.0,0,0,37,2009,0,0,0,0
61,0,0,3,0,37,3.98,0.18,0.01,3.61,0.05,4.76,19.76,0.0,19.76,0.01,14,0,38,2008,0,0,0,0
46,1,0,1,1,22,15.27,0.0,0.0,0.73,0.09,8.41,32.09,0.0,32.09,0.0,1,0,7,2007,0,1,1,1
32,1,2,0,0,7,6.55,0.2,0.58,0.15,0.01,0.69,17.79,14.24,3.55,0.0,1,0,14,2009,0,1,1,1
31,1,0,0,1,2,3.08,0.09,0.01,1.13,0.0,0.0,17.23,17.23,0.0,0.0,2,0,35,2010,1,2,3,3
21,1,2,0,2,3,10.92,0.1,0.0,1.64,0.55,20.34,26.41,0.0,26.41,0.0,5,0,39,2008,1,2,3,3
44,0,3,1,0,23,9.76,0.37,0.09,1.37,0.76,14.41,24.7,0.0,24.7,0.0,1,0,40,2008,0,0,0,0
22,0,2,0,1,3,9.89,0.33,0.05,0.43,0.48,7.25,27.52,24.03,3.49,0.0,1,0,7,2009,0,0,0,0
39,0,0,1,0,18,7.91,0.39,0.0,0.43,0.64,51.77,17.42,16.31,1.11,0.0,15,1,41,2008,0,0,0,0
36,1,0,3,6,14,6.14,0.38,0.04,0.69,0.0,0.34,22.41,9.75,12.66,0.0,3,0,42,2005,0,1,1,1
64,0,0,2,1,2,12.19,0.81,0.72,1.22,1.36,39.83,26.33,13.25,13.08,0.0,10,0,18,2009,1,3,2,2
61,0,0,1,8,6,4.96,0.1,0.01,0.83,0.06,0.81,20.15,18.84,1.31,0.0,2,0,43,1995,0,0,0,0
26,0,0,1,2,4,6.94,0.69,2.83,0.0,0.2,7.21,19.65,0.02,19.63,0.0,3,0,29,2003,0,0,0,0
60,0,0,3,1,3,16.49,0.13,0.0,0.25,0.19,1.73,32.95,2.03,30.92,0.0,1,0,19,2008,0,0,0,0
75,0,0,2,1,3,3.82,0.2,0.85,0.71,0.0,0.0,18.1,0.02,18.08,0.0,10,0,18,2009,0,0,0,0
36,0,0,0,0,15,8.13,0.16,0.59,0.95,0.01,1.42,27.82,4.81,23.01,0.0,1,0,14,2008,1,3,2,2
73,0,0,3,1,5,11.86,0.32,0.0,0.84,0.24,3.58,25.21,2.04,23.17,0.0,9,1,16,2007,0,0,0,0
33,1,3,1,5,3,7.55,1.38,0.99,0.73,0.37,8.33,20.59,13.97,6.62,0.01,2,0,34,2009,0,1,1,1
30,1,2,0,3,10,8.72,0.4,0.34,1.41,0.09,2.25,27.92,3.78,24.14,0.0,7,0,44,2005,0,1,1,1
32,0,2,0,3,5,9.68,0.11,0.01,0.51,0.05,3.72,27.07,14.47,12.6,0.0,2,0,3,2001,0,0,0,0
39,0,0,2,0,21,10.65,0.12,0.02,0.24,0.7,21.86,25.27,17.94,7.33,0.0,1,0,40,2008,0,0,0,0
47,0,2,0,1,1,6.7,0.02,0.0,0.26,0.3,15.36,16.36,14.99,1.37,0.0,2,0,24,2007,1,3,2,2
50,1,2,1,3,2,15.54,3.12,0.0,2.5,0.01,0.81,47.85,0.0,47.85,0.01,13,0,30,2009,0,1,1,1
59,1,2,0,0,41,6.06,0.72,2.04,0.05,0.25,5.7,20.8,18.35,2.44,0.0,16,0,45,2007,0,1,1,1
80,0,0,6,5,48,5.69,0.06,0.0,1.9,0.08,5.73,25.11,25.11,0.0,0.0,0,0,46,1997,0,0,0,0
28,0,2,0,0,10,4.68,0.14,1.05,0.0,0.0,0.0,17.41,16.82,0.59,0.0,10,0,18,2008,0,0,0,0
35,1,2,0,1,1,2.45,0.18,0.78,0.52,0.0,0.15,13.3,6.12,7.18,0.0,2,0,34,2009,1,2,3,3
43,0,0,1,1,26,7.5,0.63,1.63,0.25,0.13,12.49,21.0,20.75,0.25,0.0,14,0,47,2008,1,3,2,2
40,0,4,4,1,17,6.16,0.06,0.01,0.0,0.16,8.26,17.18,13.86,3.32,0.0,7,0,48,2008,0,0,0,0
37,0,2,0,1,0,7.38,0.05,0.0,2.49,0.14,3.66,21.69,17.5,4.19,0.0,2,0,34,2010,0,0,0,0
27,1,2,0,1,10,6.02,0.23,0.08,1.17,0.22,2.3,20.6,19.02,1.58,0.0,2,0,49,2008,0,1,1,1
32,1,0,2,1,3,21.06,0.11,0.01,0.0,2.56,33.38,33.01,0.0,33.01,0.01,2,0,24,2008,1,2,3,-1
53,0,0,1,1,3,9.26,1.89,0.0,1.04,0.41,10.79,22.36,7.79,14.57,0.0,16,1,50,2008,1,3,2,2
54,0,0,3,2,6,7.45,0.27,0.0,0.18,0.02,1.49,20.37,15.79,4.58,0.0,1,0,7,2006,0,0,0,0
73,0,0,2,0,50,9.45,5.85,0.0,2.18,0.37,9.69,27.01,5.41,21.6,0.0,17,1,51,2008,0,0,0,0
48,0,0,2,1,18,8.47,0.83,0.0,0.26,0.31,12.83,21.53,19.32,2.21,0.0,1,0,7,2008,1,3,2,2
47,1,2,0,1,3,8.02,0.59,1.77,2.07,0.47,7.75,20.79,12.73,8.06,0.0,1,0,14,2007,0,1,1,1
43,0,0,0,3,21,4.28,1.06,0.01,0.71,0.0,0.0,16.76,15.43,1.34,0.01,3,0,29,2005,0,0,0,0
36,0,0,3,2,20,2.6,0.0,0.0,1.4,0.1,9.25,14.5,14.5,0.0,0.0,0,0,52,2005,0,0,0,0
23,0,2,0,1,4,6.03,0.01,0.0,1.19,0.19,2.05,17.99,11.94,6.05,0.0,2,0,24,2008,0,0,0,0
67,0,0,2,1,3,7.12,0.08,0.11,0.65,0.19,4.01,21.24,0.06,21.18,0.0,10,0,18,2008,0,0,0,0
33,0,2,0,1,2,6.26,0.06,0.0,0.0,0.04,2.49,17.51,14.74,2.77,0.0,2,0,24,2008,1,3,2,2
65,0,0,3,0,32,7.45,0.06,0.0,1.61,0.07,2.25,26.77,0.0,26.77,0.01,3,0,11,2008,0,0,0,0
43,0,2,0,1,3,9.49,0.14,0.01,2.3,1.0,6.9,23.83,18.7,5.13,0.0,2,0,34,2008,1,3,2,2
72,0,0,4,1,46,4.61,0.04,0.02,1.01,0.12,3.7,19.98,0.0,19.98,0.0,1,0,53,2010,0,0,0,0
31,1,2,0,0,9,10.3,0.09,0.01,1.16,0.61,14.62,26.53,0.0,26.52,0.0,1,0,14,2009,0,1,1,1
64,0,0,3,1,23,7.95,0.87,0.09,0.18,0.37,9.1,21.74,17.05,4.69,0.03,3,0,11,2008,0,0,0,0
47,0,0,2,3,22,3.32,0.04,0.0,1.69,0.09,0.84,14.57,13.97,0.6,0.0,2,0,49,2008,1,3,2,2
56,1,2,3,1,38,11.76,0.08,0.12,1.28,0.84,16.35,26.2,0.0,26.2,0.0,10,0,18,2007,0,1,1,1
51,1,2,0,2,8,3.73,0.02,0.03,0.94,0.0,0.0,16.18,14.46,1.72,0.01,2,0,3,2006,0,1,1,1
47,1,0,3,1,17,12.83,0.0,0.0,0.67,0.0,0.0,29.83,0.0,29.83,0.0,3,3,54,2008,0,1,1,1
58,1,1,3,1,11,9.57,1.52,0.0,0.0,0.08,2.54,25.22,21.46,3.76,0.0,9,1,16,2000,0,1,1,1
43,1,0,2,1,2,5.54,1.15,5.04,0.8,0.02,2.11,19.22,18.5,0.72,0.0,1,0,7,2006,0,1,1,1
58,1,0,1,14,25,3.13,2.94,4.9,0.57,0.0,0.0,18.3,18.21,0.08,0.0,2,0,43,1994,1,2,3,3
71,0,0,4,1,39,7.87,1.88,0.8,0.73,0.19,5.26,22.65,7.06,15.59,0.0,5,1,6,2008,0,0,0,0
70,0,0,4,19,13,6.31,0.09,0.01,0.14,0.17,2.89,18.45,13.16,5.29,0.0,1,0,55,2008,0,0,0,0
29,0,2,0,1,1,8.15,0.5,0.01,0.29,0.37,15.36,20.03,14.44,5.59,0.01,2,0,34,2009,0,0,0,0
44,0,0,0,1,2,4.01,0.39,0.0,1.01,0.11,10.37,16.79,10.12,6.67,0.01,2,0,34,2008,0,0,0,0
48,0,0,2,1,2,4.57,0.06,0.0,0.89,0.01,1.27,16.44,15.07,1.37,0.0,2,0,24,2008,1,3,2,2
49,1,0,1,1,2,5.07,0.24,0.0,1.74,0.53,2.15,18.7,17.07,1.63,0.0,2,0,34,2008,0,1,1,1
43,0,3,3,1,4,10.75,0.87,0.03,2.62,0.45,22.91,27.13,13.87,13.26,0.01,2,0,35,2008,1,3,2,2
37,0,0,1,1,2,5.69,0.33,1.19,0.82,0.33,3.86,17.86,14.72,3.13,0.01,1,0,23,2009,0,0,0,0
50,0,0,2,1,27,7.25,0.08,0.01,1.3,1.46,4.42,23.83,0.0,23.83,0.0,3,0,11,2008,1,3,2,2
48,0,3,2,1,1,8.04,1.88,0.01,0.8,0.11,4.15,24.24,19.99,4.25,0.01,3,0,29,2000,0,0,0,0
28,1,2,0,1,2,4.03,0.21,0.75,0.3,0.07,5.57,13.28,12.58,0.7,0.0,2,0,34,2007,0,1,1,1
47,1,0,2,3,1,9.82,0.2,0.0,2.02,0.11,7.73,25.09,17.56,7.53,0.01,3,0,29,2001,0,1,1,1
44,0,0,2,1,20,8.03,0.57,0.18,1.05,0.7,6.55,23.35,17.34,6.01,0.0,2,0,34,2008,0,0,0,0
45,1,1,2,4,26,6.56,0.53,1.6,0.28,0.17,1.65,19.7,17.33,2.37,0.0,2,0,34,2006,0,1,1,1
25,0,2,0,4,1,5.29,0.84,3.25,0.0,0.07,6.09,15.91,14.35,1.56,0.01,2,0,9,2006,0,0,0,0
43,1,2,0,1,26,4.97,0.1,0.01,0.51,0.0,0.1,19.73,0.62,19.1,0.0,1,0,23,2006,0,1,1,1
49,0,2,0,1,31,8.73,0.13,0.01,0.34,0.4,18.19,20.69,16.72,3.97,0.0,17,1,56,2008,1,3,2,2
34,1,2,0,1,15,7.17,0.26,0.0,0.18,0.55,5.23,20.14,16.05,4.08,0.01,2,0,57,2008,0,1,1,1
66,0,0,4,2,5,7.53,0.54,2.4,0.56,0.23,8.63,23.05,10.43,12.62,0.0,1,0,7,2006,0,0,0,0
73,0,0,8,1,14,9.41,0.2,0.0,0.43,0.39,14.98,25.29,0.0,25.29,0.0,2,0,24,2008,1,3,2,2
46,0,2,0,1,2,5.8,0.19,0.0,0.0,0.08,6.75,19.44,13.62,5.82,0.0,1,0,7,2008,0,0,0,0
61,1,0,2,1,2,8.23,0.26,0.0,1.38,0.63,4.8,22.97,12.01,10.97,0.01,16,1,50,2008,0,1,1,1
33,1,2,0,4,3,7.99,0.03,0.02,1.14,0.16,2.3,22.68,18.14,4.54,0.0,2,0,34,2008,0,1,1,1
30,1,2,0,1,1,5.15,0.11,0.02,0.31,0.02,1.86,16.65,3.6,13.05,0.0,2,0,24,2008,0,1,1,1
33,0,2,0,1,3,8.38,0.01,0.01,2.06,0.15,5.36,23.73,21.1,2.62,0.0,2,0,34,2008,0,0,0,0
61,0,1,3,2,1,7.03,0.02,0.0,1.97,1.14,4.27,20.55,17.71,2.85,0.0,2,0,34,2008,1,3,2,2
57,0,2,0,1,14,6.18,0.01,0.0,0.97,0.03,0.17,20.64,18.39,2.25,0.0,1,0,7,2007,0,0,0,0
51,0,0,0,1,3,3.7,0.0,0.0,1.21,0.01,1.02,15.54,15.52,0.01,0.0,2,0,34,2007,0,0,0,0
36,0,2,1,1,2,8.58,0.16,0.0,0.0,0.14,8.45,18.11,13.32,4.78,0.0,2,0,34,2008,0,0,0,0
51,1,0,0,2,2,5.35,0.54,0.01,1.63,0.01,0.51,20.72,0.0,20.72,0.0,16,1,50,2007,1,2,3,3
44,0,2,2,1,23,11.19,3.52,0.0,0.05,0.23,9.39,26.88,8.64,18.23,0.0,2,1,58,2008,0,0,0,0
60,1,0,3,10,15,8.03,0.05,0.0,1.81,0.63,6.58,21.22,14.35,6.87,0.01,2,0,24,2008,0,1,1,1
43,0,2,0,1,25,6.56,0.07,0.0,1.12,0.0,0.0,22.4,21.21,1.19,0.01,13,0,30,2009,0,0,0,0
28,0,2,0,3,10,7.11,0.23,0.01,0.28,0.08,6.68,18.68,15.32,3.35,0.0,1,0,23,2007,0,0,0,0
29,1,3,1,2,4,6.75,0.37,1.32,0.23,0.02,2.24,19.65,15.46,4.19,0.0,2,0,34,2007,0,1,1,1
69,0,0,4,1,31,11.6,0.18,0.03,2.61,2.58,9.78,29.05,23.35,5.7,0.0,4,0,5,2007,0,0,0,0
34,1,2,0,1,2,10.0,0.31,0.0,0.0,0.0,0.0,25.62,15.69,9.92,0.0,1,0,23,2008,0,1,1,1
46,1,0,1,1,26,7.77,0.01,0.02,0.92,0.0,0.0,25.26,9.9,15.36,0.0,3,0,29,2007,0,1,1,1
42,0,2,0,0,7,13.5,0.38,0.0,0.14,1.4,37.8,25.71,2.22,23.49,0.01,3,0,11,2009,1,3,2,2
49,0,0,2,1,4,1.64,0.18,0.0,0.0,0.0,0.0,9.09,9.09,0.0,0.0,3,0,11,2006,0,0,0,0
39,1,0,0,1,1,9.44,0.07,0.54,0.04,0.0,0.0,24.7,17.17,7.54,0.02,2,0,24,2009,0,1,1,1
30,0,2,0,1,0,7.18,0.18,0.01,2.87,0.04,2.82,24.5,22.53,1.97,0.0,1,0,23,2010,0,0,0,0
68,0,0,3,9,3,11.33,1.05,0.0,0.33,0.43,19.93,25.38,16.78,8.6,0.0,2,0,43,1999,0,0,0,0
30,0,2,0,1,2,14.35,16.38,2.03,0.46,3.77,17.43,26.78,9.8,16.99,0.0,2,0,59,2001,1,3,2,2
59,0,0,3,1,23,11.54,0.15,1.04,0.34,0.31,14.31,27.78,22.91,4.87,0.01,3,3,54,2007,0,0,0,0
64,0,0,1,2,2,8.54,0.16,0.0,0.0,0.18,6.1,22.18,14.1,8.08,0.0,1,0,7,2007,0,0,0,0
37,0,0,0,1,22,6.12,0.06,0.0,2.14,0.23,7.72,21.28,0.0,21.28,0.02,1,0,14,2005,0,0,0,0
49,1,0,2,1,26,11.91,0.45,0.0,0.05,1.55,24.3,30.14,17.77,12.36,0.05,2,0,60,2007,0,1,1,1
51,0,0,2,1,37,9.08,0.02,0.01,3.26,0.46,25.19,18.18,15.86,2.32,0.0,10,1,61,2007,1,3,2,2
45,1,0,2,1,3,5.99,0.04,0.0,1.85,0.36,1.86,21.23,20.05,1.17,0.0,3,0,29,2008,1,2,3,3
78,1,0,0,2,2,8.1,0.77,1.5,1.07,0.21,8.46,22.28,16.82,5.46,0.0,2,0,34,2006,1,2,3,3
30,0,2,0,2,2,3.95,0.04,0.0,1.99,0.16,0.75,17.83,15.23,2.6,0.0,2,0,34,2008,1,3,2,2
50,1,2,0,2,20,6.48,0.0,0.0,1.14,0.0,0.0,22.87,0.0,22.87,0.0,2,0,3,2006,0,1,1,1
26,1,2,0,1,6,8.83,0.04,0.01,0.0,0.2,9.66,23.78,0.0,23.78,0.01,1,0,23,2003,1,2,3,3
66,0,0,3,1,43,5.26,0.05,0.0,0.61,0.03,1.38,21.61,4.55,17.06,0.0,10,0,17,2007,0,0,0,0
48,1,0,2,1,2,5.37,0.23,0.0,0.0,0.0,0.42,18.1,14.15,3.96,0.0,2,0,49,2009,0,1,1,1
32,0,2,0,1,19,7.07,0.07,0.0,0.21,0.14,14.34,25.25,25.25,0.0,0.0,18,1,62,2007,0,0,0,0
79,1,1,4,4,18,5.37,0.03,0.0,1.03,0.0,0.17,21.22,20.67,0.54,0.0,2,0,24,2004,0,1,1,1
68,1,3,0,1,44,5.57,0.03,0.0,1.14,0.08,3.51,21.1,0.05,21.05,0.0,1,0,32,2008,0,1,1,1
53,0,0,2,2,2,8.17,0.14,0.0,0.18,0.03,2.17,22.23,14.48,7.75,0.0,2,0,34,2008,1,3,2,2
30,1,2,0,1,2,6.35,0.33,0.01,1.91,0.01,0.44,24.61,19.51,5.1,0.0,2,0,34,2008,1,2,3,3
57,0,0,2,1,29,8.98,4.48,3.98,0.15,0.04,2.52,25.46,24.56,0.9,0.02,1,0,14,2008,0,0,0,0
52,0,0,3,2,33,9.81,0.09,0.0,0.0,0.08,4.96,23.13,15.88,7.25,0.0,10,0,17,2006,1,3,2,2
35,0,0,0,7,13,7.6,0.13,0.0,2.81,0.6,13.03,20.13,16.89,3.24,0.0,1,0,14,2003,0,0,0,0
47,1,0,2,1,1,7.58,0.28,3.56,0.22,0.05,1.83,22.9,19.48,3.43,0.0,1,0,23,2009,0,1,1,1
28,0,3,1,1,3,4.62,1.9,0.0,2.48,0.0,0.0,20.24,2.52,17.71,0.0,2,4,36,2009,0,0,0,0
28,1,2,0,1,3,7.19,0.0,0.0,1.49,0.15,2.24,22.82,22.57,0.25,0.0,2,0,34,2008,1,2,3,3
45,0,0,1,4,1,5.95,0.15,0.0,1.15,0.13,8.62,17.84,17.27,0.57,0.0,2,0,34,2008,1,3,2,2
55,0,0,1,1,2,6.68,0.27,3.19,1.07,0.03,3.05,19.85,17.63,2.23,0.0,2,0,34,2007,0,0,0,0
63,1,0,2,1,3,8.16,0.0,0.01,1.57,0.47,13.18,25.29,0.05,25.24,0.0,17,1,56,2008,0,1,1,1
42,1,0,1,1,2,3.88,0.0,0.13,0.88,0.0,0.0,13.0,5.75,7.25,0.0,1,0,7,2009,0,1,1,1
52,0,3,3,2,3,5.87,0.22,0.01,1.58,0.04,1.89,19.11,13.83,5.27,0.0,1,0,7,2006,0,0,0,0
35,0,0,0,1,18,4.4,0.76,0.0,0.08,0.01,0.71,19.07,18.61,0.46,0.0,17,1,51,2006,0,0,0,0
53,0,4,3,0,33,11.15,0.0,0.0,0.8,0.04,3.38,29.87,0.0,29.87,0.0,2,2,36,2008,0,0,0,0
64,0,1,2,2,13,7.28,0.03,0.0,0.76,0.0,0.0,19.97,0.0,19.97,0.03,9,1,16,2007,1,3,2,2
54,0,0,4,1,3,9.01,0.25,0.0,0.74,0.32,11.6,21.84,8.08,13.76,0.0,18,1,62,2007,0,0,0,0
47,0,0,2,3,3,4.36,0.62,1.62,1.58,0.19,3.64,16.15,14.8,1.35,0.0,2,0,63,1998,0,0,0,0
40,0,0,2,4,2,5.59,0.0,0.0,2.7,0.03,0.75,19.76,19.36,0.4,0.0,2,0,24,2006,0,0,0,0
20,1,2,0,8,1,7.41,0.05,0.0,1.82,0.0,0.0,19.64,16.05,3.59,0.0,2,0,3,2002,0,1,1,1
31,1,2,1,1,1,14.87,0.13,0.0,2.61,1.07,42.04,28.94,18.94,10.0,0.0,1,0,23,2003,1,2,3,3
35,1,3,1,1,13,6.71,0.21,0.0,0.11,0.58,4.65,19.3,16.81,2.49,0.0,5,0,39,2008,0,1,1,1
62,1,2,0,2,1,7.17,0.0,0.0,1.28,0.0,0.0,23.72,11.67,12.06,0.0,2,0,34,2008,0,1,1,1
48,1,0,0,1,33,7.28,0.17,0.0,0.0,0.32,6.94,20.58,17.64,2.95,0.0,1,0,23,2008,0,1,1,1
44,0,0,0,2,25,4.74,0.12,0.0,0.95,0.08,2.17,22.28,21.14,1.15,0.0,5,0,39,2006,0,0,0,0
56,1,0,0,8,1,12.66,5.96,0.22,2.04,0.48,2.21,31.37,0.49,30.88,0.0,1,0,32,2002,1,2,3,3
52,1,1,3,1,0,6.97,0.04,0.0,2.15,0.07,5.17,23.43,19.11,4.32,0.0,1,0,14,2006,0,1,1,1
22,0,2,0,2,3,14.27,0.13,0.1,0.17,1.58,24.65,26.01,8.54,17.48,0.0,1,0,7,2008,1,3,2,2
65,1,0,3,1,38,7.7,7.85,0.01,1.14,0.0,0.22,27.15,0.01,27.14,0.0,10,2,64,2007,0,1,1,1
27,0,2,0,7,1,10.99,0.04,0.0,0.71,0.53,1.6,26.22,17.62,8.6,0.0,2,0,3,2002,0,0,0,0
30,0,2,0,2,1,6.93,0.05,0.0,0.27,0.02,1.6,21.66,0.0,21.66,0.0,2,0,3,2001,0,0,0,0
56,0,0,2,2,3,9.25,0.19,0.0,0.3,0.11,8.34,23.4,21.23,2.18,0.0,2,0,24,2007,0,0,0,0
62,1,1,2,2,32,4.22,16.78,1.9,1.47,0.03,2.79,16.15,14.86,1.29,0.03,5,1,6,2008,0,1,1,1
56,1,2,0,1,1,8.25,0.04,0.01,0.19,0.56,7.4,18.65,11.57,7.08,0.0,19,1,58,2009,0,1,1,1
38,0,3,3,0,3,6.87,0.03,0.01,1.0,0.01,0.76,27.42,0.0,27.42,0.0,1,0,7,2006,0,0,0,0
48,0,0,1,1,3,5.19,0.14,0.0,0.18,0.15,12.29,18.1,17.06,1.04,0.0,1,0,14,2006,1,3,2,2
40,1,2,0,2,6,6.11,0.33,1.92,0.1,0.12,3.93,18.38,0.0,18.38,0.0,1,0,14,2007,0,1,1,1
37,1,0,2,3,9,5.18,0.0,0.01,1.55,0.01,0.69,19.17,17.81,1.36,0.0,1,0,7,2007,0,1,1,1
60,0,0,3,1,28,5.61,0.15,0.0,0.28,0.12,8.59,20.32,19.6,0.72,0.0,3,0,11,2007,1,3,2,2
52,0,0,3,2,28,7.87,0.14,0.06,0.65,0.3,2.66,26.73,0.87,25.86,0.01,3,0,11,2007,0,0,0,0
30,1,2,0,1,2,5.02,0.11,0.01,0.0,0.04,3.42,16.76,15.31,1.44,0.0,1,0,23,2007,0,1,1,1
46,1,2,0,1,14,10.71,0.12,0.02,1.99,0.22,11.98,26.65,21.21,5.44,0.0,3,0,11,2008,1,2,3,3
48,0,0,2,1,2,6.59,0.0,0.0,1.55,0.06,2.42,22.47,21.15,1.32,0.0,10,0,18,2008,0,0,0,0
47,0,4,1,1,1,8.69,0.14,0.06,0.51,0.78,9.32,21.25,0.0,21.25,0.0,1,0,7,2009,1,3,2,2
33,0,3,1,2,1,7.35,0.04,0.0,2.06,0.06,3.72,25.97,22.55,3.42,0.0,2,0,34,2008,1,3,2,2
33,0,2,0,1,14,8.13,0.96,1.5,0.0,0.0,0.0,23.33,23.25,0.08,0.0,2,0,34,2007,0,0,0,0
44,1,4,2,2,2,6.38,0.75,0.06,0.06,0.09,7.43,17.04,11.43,5.6,0.55,2,0,9,2007,0,1,1,-1
32,1,2,0,1,23,6.78,0.86,0.0,0.14,0.31,4.8,21.45,0.44,21.01,0.0,1,0,7,2008,0,1,1,1
49,1,4,0,1,26,7.79,0.2,0.01,0.28,0.05,1.91,25.7,21.79,3.92,0.0,1,0,65,2006,0,1,1,1
45,0,0,2,3,3,7.51,0.02,0.01,2.95,0.1,5.01,23.21,15.76,7.45,0.0,1,0,14,2006,0,0,0,0
30,0,2,0,1,27,6.53,0.08,0.01,0.89,0.1,2.68,20.31,0.03,20.28,0.0,2,0,66,2007,0,0,0,0
48,0,0,1,3,2,7.15,0.59,0.0,0.19,0.05,1.57,19.56,15.17,4.39,0.0,1,0,33,2001,0,0,0,0
40,0,2,0,1,12,5.51,0.13,0.0,0.0,0.01,1.28,16.31,16.21,0.1,0.0,1,0,14,2002,0,0,0,0
29,0,2,0,1,2,5.56,2.39,1.79,0.53,0.07,4.24,18.97,11.75,7.22,0.01,1,0,14,2007,0,0,0,0
30,0,2,1,1,2,5.8,4.13,0.01,2.21,0.04,1.35,25.15,21.6,3.55,0.0,2,1,58,2006,0,0,0,0
53,0,0,2,2,33,9.41,0.28,0.0,0.1,0.79,9.54,25.41,17.88,7.53,0.0,1,0,65,2006,1,3,2,2
33,1,2,0,2,13,8.35,0.63,1.58,0.09,0.49,20.95,18.74,17.84,0.91,0.0,1,0,14,2006,0,1,1,1
67,0,4,4,0,36,6.51,0.46,3.64,0.33,0.0,0.0,22.33,21.67,0.67,0.03,1,0,14,2008,0,0,0,0
47,0,2,0,2,2,8.09,0.11,0.01,0.86,0.28,4.73,23.75,17.33,6.42,0.0,1,0,7,2007,0,0,0,0
66,1,0,5,3,41,8.02,0.26,1.15,0.09,0.12,4.01,22.98,18.38,4.6,0.0,0,0,37,2005,0,1,1,1
34,0,0,0,1,17,7.79,0.62,2.45,0.0,0.21,17.69,19.28,19.24,0.04,0.0,3,0,29,2005,0,0,0,0
44,0,0,0,1,12,9.74,0.09,0.0,0.0,0.47,15.36,24.0,18.22,5.78,0.0,17,1,67,2006,0,0,0,0
53,1,0,3,6,1,5.42,0.76,1.22,1.23,0.09,3.8,17.04,7.51,9.53,0.01,1,0,33,2004,0,1,1,1
65,0,0,1,2,12,9.3,0.07,0.01,1.64,1.11,6.52,27.08,20.23,6.85,0.0,1,0,32,2008,0,0,0,0
21,1,2,0,1,2,5.55,0.29,2.01,0.0,0.0,0.41,17.12,16.07,1.05,0.0,1,0,23,2006,0,1,1,1
53,1,0,2,3,38,8.36,0.19,0.0,1.33,0.39,12.82,24.6,3.76,20.84,0.01,2,0,8,2005,0,1,1,1
38,0,0,2,3,1,4.58,0.09,0.0,1.33,0.01,0.6,21.07,18.83,2.24,0.0,2,0,34,2007,0,0,0,0
45,0,3,3,1,26,7.63,0.41,0.0,0.05,0.0,0.0,22.93,20.76,2.17,0.0,2,0,34,2007,1,3,2,2
50,0,0,2,2,1,8.92,0.69,0.15,0.92,1.03,7.63,23.16,8.26,14.91,0.0,1,0,33,2008,0,0,0,0
26,1,2,0,1,1,4.87,0.09,0.02,0.3,0.01,0.77,17.95,15.3,2.66,0.0,1,0,23,2006,0,1,1,1
32,1,2,0,2,13,7.4,0.25,0.07,1.78,0.25,11.09,22.89,0.0,22.89,0.0,4,0,5,2006,0,1,1,1
45,0,3,1,1,2,8.94,1.1,0.0,0.11,0.14,2.97,22.4,17.79,4.6,0.0,2,1,58,2007,0,0,0,0
38,1,0,2,2,0,4.11,0.01,0.0,0.91,0.0,0.0,19.88,19.47,0.41,0.0,1,0,7,2007,0,1,1,1
63,0,0,2,1,40,9.52,0.0,0.0,0.36,0.04,3.63,25.96,0.0,25.96,0.0,2,2,36,2006,0,0,0,0
40,1,4,0,2,17,6.89,0.28,0.06,0.97,0.0,0.0,23.69,0.0,23.69,0.0,1,0,14,2004,0,1,1,1
16,0,0,2,1,17,5.63,0.05,0.01,1.54,0.08,5.46,21.09,0.06,21.04,0.0,10,0,68,2003,0,0,0,0
32,0,2,0,3,3,7.31,1.23,1.12,0.0,0.0,0.0,20.73,3.85,16.88,0.0,1,0,14,2005,0,0,0,0
28,0,2,0,2,3,5.58,0.05,0.0,1.16,0.0,0.0,15.47,15.16,0.32,0.0,1,0,23,2006,0,0,0,0
42,1,2,1,0,13,6.68,0.0,0.0,0.75,0.0,0.0,19.89,17.89,2.0,0.0,1,0,14,2006,0,1,1,1
43,1,2,0,3,1,7.28,0.14,0.18,1.11,0.77,4.63,22.87,3.24,19.63,0.0,1,0,23,2007,0,1,1,1
61,0,3,7,3,6,12.87,0.1,0.02,1.4,2.21,27.84,26.99,3.1,23.89,0.0,1,0,33,2006,0,0,0,0
57,0,0,3,7,0,8.54,0.35,0.03,1.41,0.29,20.27,31.38,28.98,2.4,0.0,2,0,63,1995,1,3,2,2
37,1,4,2,2,1,12.42,0.56,0.01,0.15,1.5,20.81,22.0,10.61,11.39,0.01,11,0,25,2008,0,1,1,1
48,0,0,0,6,10,7.68,1.1,0.0,0.1,0.13,4.59,21.47,20.59,0.87,0.0,2,0,43,2002,0,0,0,0
64,1,0,2,4,7,7.5,0.24,0.02,0.25,0.09,1.76,19.0,9.61,9.39,0.0,1,0,32,2004,1,2,3,3
46,0,0,2,2,2,7.25,0.12,0.0,0.98,0.0,0.5,20.97,19.11,1.86,0.0,2,0,34,2008,0,0,0,0
43,0,0,2,3,2,3.33,0.0,0.0,0.0,0.0,0.0,16.0,16.0,0.0,0.0,2,0,24,2005,0,0,0,0
44,0,0,2,2,1,6.14,0.0,0.0,0.95,0.01,0.58,22.01,17.77,4.24,0.0,1,0,7,2008,1,3,2,2
38,0,0,2,3,2,6.5,0.0,0.0,1.3,0.22,0.82,23.24,0.55,22.7,0.0,2,0,34,2006,0,0,0,0
66,0,0,2,4,40,8.72,0.14,0.0,0.0,0.14,12.9,21.94,15.31,6.64,0.0,3,0,69,2004,0,0,0,0
55,0,0,1,6,3,6.74,0.21,0.0,0.0,0.0,0.0,20.42,20.32,0.11,0.0,2,0,59,2002,0,0,0,0
38,0,0,2,2,2,10.16,0.04,0.0,0.0,0.12,12.65,24.88,19.51,5.37,0.0,2,0,24,2007,0,0,0,0
26,0,2,0,1,1,6.0,0.01,0.0,2.04,0.13,2.65,21.19,18.95,2.25,0.0,1,0,33,2006,0,0,0,0
58,0,0,3,5,0,4.49,0.02,0.0,1.3,0.01,0.39,18.24,16.26,1.98,0.0,2,0,34,2007,1,3,2,2
42,1,2,1,2,2,3.56,1.47,0.0,0.14,0.0,0.0,14.56,14.53,0.02,0.0,2,0,43,2000,0,1,1,1
50,0,0,2,4,1,22.05,0.0,0.0,4.71,4.76,48.63,31.1,0.0,31.1,0.0,2,0,24,2007,1,3,0,-1
40,1,0,2,3,18,5.8,0.79,1.15,0.67,0.06,4.43,20.38,19.33,1.04,0.0,2,0,9,2005,0,1,1,1
50,1,4,2,2,2,5.23,0.58,6.51,2.21,0.06,2.63,19.17,17.14,2.02,0.0,2,0,34,2007,0,1,1,1
56,0,0,1,3,38,6.69,0.59,3.53,0.22,0.37,15.78,19.61,18.55,1.06,0.0,0,0,37,2005,0,0,0,0
58,1,4,2,2,8,8.19,0.24,0.0,0.0,0.04,2.62,21.68,10.67,11.01,0.0,2,0,3,2006,0,1,1,1
79,0,0,2,12,60,4.02,0.34,2.01,0.26,0.0,0.0,16.51,16.51,0.0,0.0,2,0,70,1996,0,0,0,0
46,1,0,2,0,28,10.61,0.3,0.03,2.1,0.8,22.52,26.83,0.58,26.25,0.01,3,0,69,2005,0,1,1,1
39,1,2,0,4,20,7.97,0.18,0.01,1.25,0.04,2.5,25.92,24.04,1.88,0.0,5,0,39,2009,0,1,1,1
71,1,1,4,3,51,9.63,1.4,2.68,0.51,0.49,11.63,25.49,13.56,11.93,0.0,7,0,44,2005,0,1,1,1
28,0,2,0,2,2,10.12,0.64,1.2,0.35,0.28,12.28,22.15,18.83,3.31,0.0,2,0,34,2007,1,3,2,2
29,0,0,0,2,13,5.33,0.22,1.11,0.44,0.0,0.0,18.67,18.67,0.0,0.0,1,0,14,2005,1,3,2,2
41,1,0,1,2,14,7.01,0.35,0.0,2.0,0.15,10.42,23.51,0.0,23.51,0.0,4,0,5,2006,0,1,1,1
55,1,2,0,5,1,6.1,0.9,1.43,0.2,0.0,0.0,20.17,17.25,2.92,0.0,1,0,7,2006,1,2,3,3
55,0,2,2,2,2,8.25,0.05,0.0,0.15,0.18,7.31,24.05,21.12,2.93,0.0,2,0,24,2008,1,3,2,2
40,1,0,2,1,3,10.67,1.42,0.08,0.0,0.83,8.17,23.75,15.33,8.42,0.0,3,0,29,2006,0,1,1,1
57,1,4,1,8,15,6.64,0.01,0.0,0.66,0.01,0.95,24.4,17.79,6.61,0.0,2,0,70,2000,1,2,3,3
39,0,2,0,3,2,5.45,0.02,0.01,1.29,0.01,0.94,19.67,12.97,6.7,0.0,2,0,3,2006,0,0,0,0
41,0,2,0,3,1,5.86,0.0,0.0,1.34,0.07,5.41,20.55,18.82,1.72,0.0,1,0,14,2008,0,0,0,0
29,0,3,1,0,18,13.43,1.28,0.0,0.46,2.03,37.19,24.52,17.81,6.71,0.02,3,0,11,2005,1,3,2,2
23,1,2,0,1,3,7.16,0.16,0.01,0.0,0.08,6.1,22.2,20.72,1.48,0.0,1,0,14,2003,1,2,3,3
86,0,0,5,4,75,3.32,2.77,0.98,0.08,0.0,0.13,17.2,16.78,0.42,0.0,3,0,29,2005,1,3,2,2
28,0,3,0,2,8,7.7,0.1,0.0,0.0,0.0,0.0,23.5,0.0,23.5,0.0,2,0,9,2006,1,3,2,2
48,1,0,3,2,16,5.84,0.06,0.03,1.28,0.37,3.63,21.39,0.0,21.39,0.0,2,0,3,2004,0,1,1,1
52,0,0,3,2,0,4.09,0.01,0.0,1.23,0.0,0.09,19.66,19.15,0.51,0.0,2,0,34,2007,1,3,2,2
57,0,0,2,2,2,7.45,0.0,0.0,1.45,0.11,3.42,20.73,0.0,20.73,0.0,2,0,34,2006,0,0,0,0
41,0,0,1,6,2,8.75,0.46,0.29,0.13,0.08,3.93,21.58,15.38,6.21,0.0,1,0,23,2003,1,3,2,2
44,1,2,0,4,1,6.03,0.01,0.04,0.27,0.03,2.56,19.5,19.32,0.18,0.0,1,0,23,2007,0,1,1,1
48,1,2,0,4,7,7.71,0.58,0.03,0.32,0.15,1.76,24.84,3.49,21.35,0.0,2,0,59,2003,0,1,1,1
27,0,0,0,3,0,8.52,0.07,0.0,8.67,0.06,4.82,27.18,21.34,5.84,0.01,3,0,71,2004,0,0,0,-1
53,1,0,3,4,26,6.25,0.19,0.0,1.37,0.01,0.26,21.05,16.51,4.53,0.0,2,0,43,2003,0,1,1,1
76,0,0,3,4,58,5.68,0.18,0.07,0.68,0.03,3.01,20.77,0.0,20.77,0.0,2,0,3,2004,0,0,0,0
29,1,0,0,3,1,6.68,0.03,0.0,1.99,0.07,3.36,22.35,17.67,4.68,0.0,1,0,14,2007,0,1,1,1
54,0,0,3,3,1,6.32,0.37,0.67,0.36,0.16,6.89,20.27,17.81,2.46,0.01,1,0,32,2008,1,3,2,2
44,0,0,1,1,2,7.56,0.26,0.02,0.51,0.37,19.38,19.22,16.16,3.05,0.01,2,0,3,2005,0,0,0,0
82,1,2,0,9,10,2.6,0.0,0.0,0.46,0.0,0.0,16.63,16.38,0.25,0.01,2,0,3,1999,0,1,1,1
50,1,0,1,3,2,4.44,0.09,1.08,0.2,0.0,0.0,17.72,12.9,4.82,0.0,3,0,71,2004,0,1,1,1
28,0,2,0,2,1,8.55,0.72,3.61,0.15,0.34,13.28,21.2,17.4,3.8,0.0,1,0,23,2007,1,3,2,2
41,1,0,0,1,9,8.78,0.1,0.03,0.12,0.03,3.18,23.77,16.82,6.95,0.02,1,0,65,2005,0,1,1,1
48,0,0,1,3,19,7.04,0.19,0.0,0.17,0.42,16.54,17.29,12.13,5.15,0.0,2,0,34,2006,1,3,2,2
51,0,0,1,1,31,3.65,0.05,0.0,0.93,0.02,1.54,15.75,0.0,15.75,0.0,1,0,23,2003,0,0,0,0
61,1,2,0,2,2,5.59,0.11,0.28,1.2,0.08,3.34,21.04,20.28,0.77,0.0,2,0,24,2005,0,1,1,1
39,0,0,2,0,18,8.87,0.02,0.02,0.24,0.0,0.0,25.71,22.89,2.82,0.0,1,0,23,2003,0,0,0,0
50,1,0,2,3,1,6.06,0.09,0.0,1.86,0.07,5.8,22.58,21.63,0.95,0.0,1,0,33,2007,0,1,1,1
28,0,2,0,1,1,6.86,2.05,5.16,1.09,0.3,5.67,19.6,15.77,3.83,0.02,2,0,3,2006,0,0,0,0
65,0,0,3,1,2,13.37,0.15,0.01,1.36,0.77,12.83,29.19,15.59,13.61,0.01,2,1,58,2007,0,0,0,0
36,0,0,0,1,19,9.44,0.03,0.0,1.11,0.17,4.54,26.22,21.82,4.4,0.0,2,0,34,2006,0,0,0,0
41,1,4,1,1,1,4.05,0.42,0.07,1.11,0.02,1.64,16.06,0.0,16.06,0.43,2,0,3,2006,1,2,1,3
67,1,0,0,2,3,9.64,0.09,0.0,2.65,0.27,15.12,23.56,15.11,8.45,0.0,2,1,58,2004,0,1,1,1
30,0,0,1,1,2,10.16,0.24,0.02,1.16,0.34,5.98,25.41,5.07,20.34,0.04,9,1,16,2006,0,0,0,0
49,1,2,2,2,14,7.92,0.22,0.01,0.0,0.28,10.75,20.83,17.84,2.99,0.0,1,0,32,2006,0,1,1,1
41,1,2,2,2,6,9.02,0.11,0.01,0.97,0.19,4.09,25.85,13.48,12.37,0.0,2,0,34,2007,1,2,3,3
69,0,0,3,2,5,4.19,0.09,0.0,0.5,0.0,0.0,15.47,15.47,0.0,0.0,2,0,9,2004,0,0,0,0
26,1,2,0,4,8,6.18,0.16,0.0,0.86,0.08,2.3,21.25,2.38,18.87,0.0,2,0,3,2004,1,2,3,3
31,0,2,0,1,1,9.15,0.16,0.0,0.56,0.13,1.92,21.91,18.02,3.89,0.0,1,0,23,2007,1,3,2,2
34,0,0,0,2,3,3.39,1.35,0.0,0.0,0.04,3.41,15.72,0.0,15.72,0.0,1,0,32,2005,0,0,0,0
58,0,0,2,5,13,6.56,0.14,0.0,0.0,0.04,2.47,20.07,18.73,1.35,0.0,1,0,32,2004,0,0,0,0
51,0,2,1,6,33,4.99,0.19,0.0,0.4,0.15,1.51,19.66,18.43,1.23,0.0,3,0,29,2003,0,0,0,0
32,1,2,0,0,6,3.62,0.23,0.0,0.0,0.0,0.0,17.85,0.0,17.85,0.0,2,0,3,2005,1,2,3,3
52,1,2,1,2,1,7.26,0.77,0.0,0.19,0.05,3.1,22.77,20.26,2.52,0.0,2,0,43,1995,0,1,1,1
56,1,0,1,2,16,9.63,0.11,0.01,1.89,0.18,4.91,26.36,16.89,9.47,0.0,1,0,7,2007,0,1,1,1
33,1,3,1,1,1,5.76,2.58,0.0,0.0,0.23,4.29,18.07,15.87,2.19,0.07,1,0,14,2006,0,1,1,1
42,1,0,2,1,2,9.98,0.38,0.02,1.02,0.97,13.51,22.2,11.95,10.25,0.01,2,0,3,2006,0,1,1,1
28,0,2,0,1,3,7.36,0.16,0.01,1.24,0.12,4.44,20.87,19.23,1.64,0.01,2,0,3,2002,0,0,0,0
26,1,2,0,6,3,5.79,0.06,0.01,1.48,0.03,1.91,20.16,17.49,2.67,0.0,2,0,59,2002,1,2,3,3
51,0,0,2,3,23,15.45,0.69,2.21,0.13,2.1,20.11,28.9,0.0,28.9,0.0,2,0,9,2005,0,0,0,0
52,0,0,4,2,35,7.27,0.2,0.02,2.28,0.12,2.55,21.75,19.81,1.95,0.01,2,0,34,2007,0,0,0,0
87,0,0,4,4,50,7.02,0.1,0.0,2.19,0.02,2.69,27.74,0.0,27.74,0.0,1,0,32,2000,1,3,2,2
31,0,2,0,5,2,16.36,0.55,0.02,2.25,0.05,5.25,37.32,4.44,32.88,0.01,2,0,63,1993,1,3,2,2
42,0,4,1,2,25,11.48,0.22,0.0,0.24,1.01,11.56,24.09,0.0,24.09,0.0,2,0,34,2007,0,0,0,0
64,1,0,2,3,16,4.91,0.56,0.04,0.89,0.03,0.78,19.33,7.7,11.63,0.0,1,0,33,2005,1,2,3,3
32,0,0,1,4,0,5.38,0.07,0.0,2.16,0.22,8.49,17.45,14.53,2.92,0.0,1,0,14,2007,1,3,2,2
44,0,0,1,4,1,4.03,0.31,0.97,0.32,0.05,4.18,12.84,12.24,0.6,0.01,3,0,29,2002,1,3,2,2
54,0,4,3,2,36,6.82,0.99,0.01,1.52,0.08,5.24,21.47,20.21,1.26,0.0,2,0,59,2003,0,0,0,0
33,0,0,0,3,1,8.55,0.1,0.0,0.0,0.1,2.69,22.56,0.01,22.55,0.0,1,0,33,2005,1,3,2,2
50,0,0,1,5,1,8.84,0.59,1.51,0.92,0.21,7.91,21.06,0.05,21.01,0.0,1,0,7,2006,0,0,0,0
51,0,0,3,1,14,4.79,0.0,0.0,1.07,1.57,6.74,16.21,0.0,16.21,0.0,0,0,72,1995,0,0,0,0
55,0,0,2,3,17,10.11,0.13,0.0,0.73,0.07,4.27,23.72,13.66,10.06,0.0,1,0,32,2005,0,0,0,0
44,1,2,0,0,3,9.6,0.12,0.01,0.75,0.01,0.37,30.88,0.0,30.88,0.0,1,0,14,2003,0,1,1,1
55,0,0,1,4,37,13.83,0.48,0.01,2.3,0.06,3.37,41.26,35.42,5.84,0.0,2,0,43,2004,0,0,0,0
56,0,0,2,2,2,12.44,0.41,0.0,0.0,0.78,15.63,25.36,13.05,12.31,0.0,3,0,29,2004,0,0,0,0
45,1,0,2,0,29,4.96,0.0,0.0,1.0,0.0,0.0,21.43,0.0,21.43,0.0,1,0,65,2003,0,1,1,1
56,1,4,1,2,26,8.85,0.61,0.04,0.99,0.12,2.99,27.13,2.04,25.09,0.0,2,0,3,2004,0,1,1,1
39,0,0,1,2,2,10.05,0.04,0.0,1.99,1.63,28.55,23.45,17.64,5.82,0.0,1,0,14,2003,0,0,0,0
41,1,2,0,1,30,6.79,0.74,0.99,0.28,0.14,2.83,22.84,21.14,1.69,0.0,1,0,14,2004,0,1,1,1
51,0,3,0,4,7,7.46,0.02,0.01,1.12,0.11,2.66,22.85,21.04,1.81,0.0,10,0,18,2005,0,0,0,0
49,1,0,2,3,2,7.59,0.04,0.01,2.04,0.05,3.48,23.84,20.44,3.4,0.0,2,0,34,2006,1,2,3,3
59,1,0,2,2,3,7.28,0.86,0.01,1.57,0.02,2.34,21.8,16.1,5.7,0.0,2,0,59,2002,1,2,3,3
60,1,0,3,6,39,5.46,0.0,0.01,0.73,0.0,0.0,21.48,18.69,2.79,0.01,3,0,29,2002,0,1,1,1
36,1,2,0,3,17,7.12,1.4,2.0,0.15,0.46,7.53,21.3,0.04,21.26,0.0,1,0,23,2006,0,1,1,1
36,0,0,0,1,0,10.51,0.15,0.01,2.66,0.29,19.47,26.74,21.79,4.95,0.0,2,0,24,2006,1,3,2,2
55,1,4,1,3,27,5.45,0.24,0.0,0.93,0.0,0.0,20.58,19.6,0.98,0.0,2,0,3,2004,1,2,3,3
48,1,0,1,2,5,7.17,0.3,0.02,1.94,0.05,2.82,22.93,5.6,17.33,0.01,2,0,59,2002,1,2,3,3
57,1,0,3,4,1,11.61,0.29,0.0,0.25,0.68,24.96,23.12,9.85,13.27,0.02,2,0,34,2006,0,1,1,1
54,0,0,2,3,32,10.38,0.78,0.0,0.0,0.04,2.19,24.92,18.0,6.92,0.01,2,0,73,2006,1,3,2,2
54,0,0,1,1,0,5.85,0.08,0.02,1.31,0.07,3.92,21.71,20.6,1.11,0.0,1,0,23,2007,0,0,0,0
21,0,2,0,2,1,10.13,1.32,1.78,1.13,0.81,45.43,21.28,17.28,4.0,0.0,1,0,14,2008,0,0,0,0
49,0,2,1,1,2,8.12,0.01,0.0,1.82,0.58,26.25,23.41,15.94,7.47,0.0,3,0,29,2004,1,3,2,2
31,0,2,0,1,5,9.81,0.24,0.0,0.05,0.56,20.3,24.76,17.31,7.45,0.01,7,0,44,2003,0,0,0,0
42,1,0,1,4,1,8.58,0.07,0.0,1.07,0.05,5.38,26.05,20.02,6.04,0.0,1,0,23,2006,0,1,1,1
33,0,2,0,4,1,5.84,0.31,0.03,0.15,0.07,5.37,18.49,16.26,2.23,0.01,2,0,3,2005,1,3,2,2
59,0,2,0,2,2,5.26,0.0,0.0,1.19,0.0,0.0,19.87,18.95,0.92,0.0,7,0,44,2001,0,0,0,0
30,1,2,0,2,2,6.22,0.68,4.31,1.49,0.01,1.41,22.33,20.1,2.23,0.0,2,0,3,2006,0,1,1,1
29,1,2,0,3,1,6.38,0.58,0.0,1.65,0.08,3.84,25.92,17.85,8.08,0.0,1,0,23,2004,0,1,1,1
28,0,2,0,5,2,6.34,0.32,1.1,0.0,0.03,3.2,19.24,17.16,2.08,0.0,1,0,14,2003,0,0,0,0
43,0,2,0,4,19,13.9,0.29,0.0,0.18,0.99,38.29,26.7,12.73,13.97,0.0,10,0,68,2004,0,0,0,0
76,0,0,4,3,22,9.98,0.65,0.01,0.61,0.23,4.85,29.07,0.0,29.07,0.0,2,0,59,2002,0,0,0,0
52,1,4,3,6,2,8.97,0.11,0.0,0.0,0.04,3.93,21.84,14.45,7.38,0.0,1,0,32,2003,0,1,1,1
53,0,0,4,4,29,8.37,0.79,0.01,1.27,0.13,6.95,26.6,20.85,5.75,0.0,9,1,16,2005,0,0,0,0
50,1,2,0,5,23,4.16,0.32,1.44,0.36,0.0,0.0,15.12,15.12,0.0,0.0,2,0,9,2003,0,1,1,1
45,0,2,0,1,18,14.47,0.76,0.0,0.44,0.0,0.0,34.91,12.04,22.87,0.02,4,1,74,2005,0,0,0,0
49,0,0,0,1,7,7.26,4.1,0.02,0.0,0.22,22.17,20.16,19.61,0.55,0.17,1,0,65,2003,1,3,2,2
54,0,0,2,2,2,7.91,0.72,0.0,0.26,0.09,8.87,24.81,18.23,6.58,0.0,9,1,16,2006,0,0,0,0
55,0,0,2,3,32,7.03,0.29,0.01,0.28,0.1,8.0,19.47,17.82,1.65,0.0,1,0,33,2007,1,3,2,2
40,1,4,1,1,4,8.4,0.52,0.63,0.77,0.15,3.27,26.87,20.71,6.15,0.0,1,0,75,2001,0,1,1,1
23,0,2,0,3,2,7.34,0.1,0.01,1.98,0.18,4.44,24.27,22.17,2.1,0.0,2,0,3,2006,0,0,0,0
65,1,0,2,3,1,4.02,1.14,1.71,0.9,0.0,0.0,20.71,20.69,0.02,0.0,1,0,1,1997,0,1,1,1
41,0,0,1,5,21,7.9,0.05,0.02,2.35,0.31,19.94,22.27,0.02,22.25,0.0,2,0,3,2001,0,0,0,0
75,0,0,4,5,43,5.9,0.1,1.48,0.06,0.0,0.27,24.44,24.34,0.09,0.0,0,0,72,1994,0,0,0,0
66,1,2,0,4,1,6.25,0.33,0.01,0.52,0.0,0.0,21.82,18.06,3.75,0.0,2,0,3,1998,1,2,3,3
22,0,2,0,2,4,8.76,1.0,1.97,0.26,0.5,23.78,21.85,18.03,3.82,0.0,2,0,9,2003,1,3,2,2
29,1,2,0,1,2,8.16,0.05,0.0,1.17,0.37,7.89,23.95,18.16,5.8,0.0,2,0,3,2002,1,2,3,3
47,0,0,2,2,0,6.47,0.02,0.0,1.09,0.0,0.19,24.19,19.51,4.68,0.0,2,0,3,2005,0,0,0,0
34,1,2,0,3,6,3.78,0.71,2.66,0.09,0.07,0.92,15.18,14.42,0.76,0.0,1,0,33,2005,0,1,1,1
49,0,2,1,2,30,10.44,0.03,0.0,1.95,3.69,12.89,27.53,0.01,27.52,0.0,2,2,36,2005,0,0,0,0
57,1,4,0,0,36,10.39,4.85,0.0,0.25,0.0,0.25,27.17,18.92,8.24,0.0,2,1,58,2003,0,1,1,1
53,1,0,1,2,3,7.21,0.02,0.0,1.38,0.08,1.06,21.69,19.47,2.22,0.0,3,0,29,2004,0,1,1,1
26,1,2,0,4,17,6.89,0.07,0.0,0.13,0.11,3.6,20.45,18.15,2.31,0.0,2,0,9,2004,1,2,3,3
34,1,0,1,1,2,13.05,0.05,0.0,1.05,1.08,39.5,25.86,17.41,8.46,0.0,1,0,32,2005,0,1,1,1
60,1,0,0,12,1,6.52,0.07,0.01,1.16,0.04,2.22,22.66,19.19,3.47,0.0,2,0,63,1993,0,1,1,1
70,1,4,5,2,2,8.22,0.33,0.01,1.04,0.01,0.66,23.32,12.67,10.66,0.01,2,0,3,2004,0,1,1,1
34,1,0,2,6,1,5.22,0.09,0.01,1.32,0.03,1.08,21.19,19.44,1.75,0.0,2,0,63,1995,0,1,1,1
30,1,0,0,3,2,6.83,0.04,0.0,0.0,0.0,0.0,20.92,18.75,2.17,0.0,1,0,23,2003,0,1,1,1
32,1,2,0,2,2,7.11,0.63,0.93,0.15,0.06,2.15,22.14,18.31,3.83,0.0,1,0,14,2002,0,1,1,1
39,1,2,0,1,1,15.31,0.62,0.01,4.3,0.05,1.89,41.91,0.0,41.91,0.0,1,0,23,2005,1,2,3,3
47,0,0,3,3,1,11.45,0.18,0.0,0.0,0.1,9.71,26.88,16.35,10.53,0.0,11,0,25,2006,0,0,0,0
47,0,0,2,1,29,7.39,0.06,0.0,1.39,0.33,11.74,21.85,0.0,21.85,0.0,0,0,37,2005,0,0,0,0
42,1,0,3,0,34,7.73,0.19,0.01,1.29,0.15,1.81,23.54,4.38,19.16,0.01,2,0,9,2004,0,1,1,1
40,0,0,0,2,1,4.52,0.07,0.01,0.83,0.0,0.17,19.26,17.06,2.2,0.0,9,1,16,2005,0,0,0,0
33,0,0,0,1,3,6.94,0.3,0.01,0.11,0.03,1.47,22.28,21.33,0.95,0.0,2,0,59,2002,0,0,0,0
51,0,3,2,4,27,8.75,0.15,0.0,1.71,0.33,11.39,23.16,0.0,23.16,0.0,5,1,76,2004,0,0,0,0
30,0,0,0,0,13,8.43,0.0,0.0,0.0,0.23,12.46,21.62,17.25,4.38,0.02,7,0,77,2002,0,0,0,0
45,1,4,0,3,12,4.35,0.61,1.27,0.1,0.0,0.09,16.91,16.62,0.29,0.01,1,0,23,2003,0,1,1,1
58,0,4,2,2,35,4.5,0.13,0.0,0.48,0.06,5.28,12.93,7.96,4.96,0.07,2,0,3,2003,0,0,0,0
70,0,0,3,4,1,9.91,0.03,0.0,0.18,0.68,15.34,20.76,10.62,10.15,0.0,1,0,7,2006,0,0,0,0
19,1,2,0,1,1,5.22,0.03,0.0,2.68,0.58,2.54,20.4,18.36,2.05,0.0,2,0,3,2001,1,2,3,3
61,1,0,2,5,3,8.32,0.03,0.0,1.07,0.0,0.0,25.89,10.86,15.04,0.01,2,0,63,1995,0,1,1,1
59,1,0,1,3,1,10.22,1.43,0.14,0.55,0.5,6.6,25.16,7.16,18.0,0.03,1,0,32,2003,0,1,1,1
58,1,4,2,4,5,10.38,0.28,0.02,0.0,0.0,0.0,26.22,4.04,22.18,0.0,2,0,3,2003,0,1,1,1
45,1,2,0,1,37,8.74,0.43,0.05,1.16,0.27,2.66,26.84,16.05,10.79,0.0,2,0,59,2002,0,1,1,1
23,0,2,0,1,2,5.42,1.04,0.0,0.13,0.13,12.49,20.92,20.33,0.58,0.0,3,0,29,2003,1,3,2,2
39,0,0,0,2,0,6.79,2.41,0.0,0.93,0.04,2.0,22.19,17.12,5.07,0.03,1,0,14,2002,0,0,0,0
50,1,2,0,1,20,5.68,0.26,0.0,0.08,0.01,1.06,22.81,22.57,0.24,0.0,2,0,3,2003,1,2,3,3
26,1,0,1,1,6,8.71,1.63,12.29,2.22,0.16,13.15,25.25,18.91,6.34,0.0,2,0,3,2005,0,1,1,1
53,1,1,2,0,3,6.95,0.09,0.02,1.18,0.21,3.25,25.76,0.8,24.96,0.0,5,1,76,2004,0,1,1,1
62,1,0,2,14,37,6.65,0.03,0.0,1.94,0.01,0.54,24.41,0.0,24.41,0.0,2,0,63,1994,0,1,1,1
50,0,0,2,5,14,6.85,0.05,0.02,0.36,0.18,7.41,19.01,0.01,19.01,0.1,20,0,78,2001,0,0,0,0
32,1,2,1,2,1,4.8,0.08,0.0,1.41,0.01,0.65,18.66,17.47,1.19,0.0,1,0,14,2002,1,2,3,3
53,1,0,1,4,28,5.27,0.04,0.0,1.23,0.04,2.07,21.49,0.0,21.49,0.0,7,0,44,2002,0,1,1,1
49,0,0,1,4,7,7.84,0.1,0.01,0.43,0.32,4.8,19.34,15.14,4.2,0.0,1,0,32,2004,0,0,0,0
56,1,0,2,2,2,7.74,0.08,0.0,0.0,0.08,7.36,21.63,19.25,2.38,0.0,2,0,9,2004,1,2,3,3
36,0,2,0,10,13,8.16,0.28,0.01,0.16,0.02,0.91,26.08,23.38,2.7,0.01,2,0,59,2003,0,0,0,0
34,1,2,0,1,0,10.94,0.13,0.0,1.25,0.21,8.81,26.01,19.84,6.17,0.0,1,0,23,2005,0,1,1,1
62,0,3,3,1,29,7.1,0.11,0.0,0.02,0.01,1.03,20.94,18.64,2.3,0.0,2,0,3,2005,1,3,2,2
54,1,2,0,2,24,10.71,0.0,0.02,1.82,0.33,9.21,28.12,0.1,28.02,0.0,2,0,3,2000,0,1,1,1
42,1,0,2,2,13,8.82,0.31,0.01,0.65,0.13,7.38,23.84,15.99,7.85,0.0,2,0,3,2006,0,1,1,1
47,1,2,0,4,1,5.82,0.03,0.01,1.41,0.0,0.22,16.83,10.97,5.87,0.0,2,1,58,2005,0,1,1,1
56,0,0,2,5,8,9.94,2.11,2.48,1.22,0.54,27.83,26.51,14.0,12.51,0.01,2,0,79,2004,1,3,2,2
33,1,0,0,5,8,5.21,0.05,0.01,1.71,0.16,14.82,18.5,16.2,2.3,0.01,2,0,63,1993,1,2,3,3
58,0,4,2,12,2,7.58,0.12,0.0,0.04,0.11,7.78,21.07,19.64,1.42,0.03,2,0,63,1993,0,0,0,0
47,1,0,1,6,3,5.67,0.0,0.0,1.41,0.0,0.0,27.12,26.54,0.58,0.0,3,0,71,2001,0,1,1,1
46,0,2,0,1,4,7.41,0.18,0.01,0.36,0.42,9.66,26.15,19.24,6.9,0.0,9,1,16,2001,0,0,0,0
44,0,2,0,4,8,16.38,0.42,0.33,1.67,2.37,36.51,26.92,8.03,18.88,0.0,11,0,25,2004,0,0,0,0
50,1,0,2,3,1,7.8,0.04,0.02,2.07,0.18,9.42,25.15,23.0,2.15,0.0,1,0,7,2006,0,1,1,1
46,0,0,2,1,31,8.62,2.2,0.02,1.17,0.16,9.42,26.24,18.28,7.96,0.01,1,0,65,2002,0,0,0,0
48,1,4,2,5,31,7.36,0.09,0.02,0.28,0.0,0.38,23.81,22.23,1.58,0.01,2,0,3,2001,0,1,1,1
35,1,2,0,1,23,7.13,0.23,0.0,2.02,0.16,2.22,23.36,22.43,0.92,0.0,5,0,80,2008,0,1,1,1
43,1,2,1,2,3,7.26,0.28,0.11,0.08,0.0,0.23,23.47,22.33,1.13,0.01,1,0,23,2001,0,1,1,1
46,0,0,3,6,30,7.29,0.0,0.0,0.98,0.0,0.0,22.9,21.63,1.27,0.0,1,0,23,2002,0,0,0,0
33,1,3,1,1,1,6.14,0.15,0.02,1.55,0.01,0.67,22.12,21.45,0.67,0.01,2,0,3,2004,0,1,1,1
53,1,2,2,3,1,6.64,0.15,0.47,0.31,0.03,2.11,20.18,17.71,2.48,0.0,11,0,25,2004,0,1,1,1
44,0,0,2,2,3,10.13,0.28,0.01,1.54,0.31,13.75,26.03,24.39,1.64,0.0,1,0,33,2002,0,0,0,0
47,1,0,2,1,2,9.23,0.84,0.56,1.18,0.18,7.14,24.3,11.81,12.49,0.0,9,1,16,2003,0,1,1,1
42,0,0,2,0,13,6.44,0.79,3.7,1.64,0.01,0.87,21.96,1.74,20.22,0.0,2,0,70,2003,0,0,0,0
36,0,0,2,3,1,6.49,1.99,4.49,0.08,0.04,1.83,20.11,18.86,1.24,0.0,2,0,59,2003,1,3,2,2
59,0,0,3,1,1,7.54,0.04,0.0,0.86,0.04,3.38,23.78,0.0,23.78,0.0,0,0,37,2009,0,0,0,0
64,0,0,2,3,1,6.22,0.06,0.0,2.43,0.11,9.47,22.41,18.32,4.09,0.01,1,0,32,2002,0,0,0,0
42,1,0,0,1,2,7.58,0.21,0.02,1.88,0.04,2.47,24.66,18.63,6.02,0.01,2,0,3,2004,1,2,3,3
73,0,0,2,8,55,8.79,0.48,3.55,0.24,0.24,16.52,22.24,15.1,7.14,0.03,0,0,81,1992,0,0,0,0
25,1,2,0,1,1,10.23,0.33,1.54,0.62,0.15,7.08,22.33,16.44,5.88,0.0,1,0,23,2002,0,1,1,1
63,0,0,2,5,42,10.23,0.01,0.01,1.47,0.98,13.11,25.11,0.03,25.08,0.01,18,3,82,1997,0,0,0,0
53,1,0,0,8,14,5.44,0.01,0.01,0.5,0.0,0.0,22.41,0.01,22.4,0.0,17,0,83,1996,0,1,1,1
42,0,0,1,2,26,6.38,0.22,0.0,0.0,0.0,0.0,23.92,23.75,0.17,0.0,2,0,59,2002,0,0,0,0
35,1,2,0,6,22,6.2,0.0,0.0,0.8,0.0,0.0,20.7,0.0,20.7,0.0,0,0,84,1995,1,2,3,3
43,0,0,2,3,1,8.77,0.12,0.0,1.38,0.12,5.34,24.58,0.01,24.57,0.01,1,0,23,2003,0,0,0,0
26,1,2,0,1,1,7.61,0.09,0.0,1.72,0.12,4.09,24.32,19.97,4.35,0.0,1,0,23,2000,0,1,1,1
60,0,0,4,2,43,2.0,0.0,0.0,0.0,0.0,0.0,7.0,7.0,0.0,0.0,11,0,85,1995,0,0,0,0
53,1,0,0,1,2,7.18,0.01,0.0,1.12,0.0,0.22,28.79,27.63,1.16,0.0,1,0,23,2002,0,1,1,1
41,0,0,2,3,2,13.92,0.0,0.0,1.38,0.08,6.97,33.0,6.23,26.77,0.0,1,0,32,2001,1,3,2,2
42,0,3,1,2,0,7.18,0.0,0.0,1.83,0.18,11.06,24.14,23.36,0.78,0.0,1,0,32,2004,1,3,2,2
63,1,4,2,10,1,3.78,0.0,0.0,0.8,0.0,0.0,18.06,16.22,1.84,0.0,3,0,71,1997,0,1,1,1
79,0,0,5,9,26,3.71,0.83,0.0,0.0,0.0,0.0,16.06,15.2,0.86,0.0,3,3,71,1996,0,0,0,0
49,0,0,3,1,16,7.32,0.03,0.01,1.19,0.02,1.31,22.81,21.28,1.54,0.0,2,0,49,2007,0,0,0,0
42,1,0,0,1,25,6.07,0.06,0.0,1.28,0.06,2.33,19.97,19.76,0.22,0.0,2,0,34,2008,0,1,1,1
22,1,0,2,1,18,9.99,0.72,0.0,0.43,0.91,13.1,19.7,0.32,19.38,0.0,4,1,86,2004,0,1,1,1
3,1,2,0,5,3,8.23,0.01,0.0,1.08,0.61,6.85,23.14,16.95,6.19,0.0,6,3,87,1998,0,1,1,1
39,1,2,0,1,3,7.89,0.18,0.0,0.43,0.0,0.0,25.57,20.49,5.08,0.0,2,0,59,2001,0,1,1,1
55,0,0,2,11,21,5.81,0.03,0.0,1.13,0.21,3.54,23.07,21.0,2.08,0.0,20,0,88,1997,0,0,0,0
50,0,2,0,10,1,3.89,0.0,0.0,1.36,0.14,14.71,16.7,0.15,16.55,0.0,3,0,29,2000,0,0,0,0
56,0,0,1,1,33,5.62,0.4,0.0,0.97,0.01,0.5,21.73,21.32,0.41,0.0,3,0,29,2000,0,0,0,0
33,0,2,0,2,1,7.15,0.33,0.02,1.09,0.03,1.65,22.88,18.68,4.2,0.01,1,0,32,2000,1,3,2,2
55,1,2,0,3,23,5.43,0.3,0.01,1.09,0.46,1.55,22.11,0.0,22.11,0.0,2,0,43,2001,0,1,1,1
34,0,2,1,1,1,7.33,0.37,2.27,1.15,0.14,3.44,22.82,20.52,2.31,0.0,1,0,23,2002,0,0,0,0
50,0,2,0,1,0,15.56,0.02,0.0,2.96,0.56,20.92,29.85,13.12,16.73,0.0,2,0,24,2006,0,0,0,0
76,1,0,7,7,55,8.86,0.4,0.03,0.44,0.04,1.76,23.9,14.04,9.86,0.01,2,0,59,2001,0,1,1,1
52,1,4,1,7,1,7.35,0.0,0.0,0.0,0.0,0.0,18.29,11.06,7.24,0.0,1,0,23,1997,0,1,1,1
49,1,1,5,1,22,11.18,1.12,2.59,0.0,1.88,28.73,22.35,16.47,5.88,0.0,1,0,33,2002,0,1,1,1
59,0,3,3,1,31,9.07,0.11,0.0,0.16,0.67,6.94,21.94,17.77,4.17,0.0,1,0,7,2009,1,3,2,2
54,1,2,2,1,2,10.3,0.06,0.01,1.02,0.52,6.97,25.61,6.43,19.18,0.0,1,0,14,2007,0,1,1,1
35,0,0,1,1,1,5.7,0.11,0.01,0.73,0.09,1.36,19.65,15.26,4.39,0.01,1,0,23,1999,0,0,0,0
77,0,0,6,5,57,4.98,0.04,0.0,0.17,0.15,4.05,14.91,13.21,1.7,0.0,13,0,89,2005,1,3,2,-1
51,1,0,3,7,34,9.91,0.04,0.02,1.74,0.01,0.82,30.96,26.21,4.75,0.0,1,0,65,2001,0,1,1,1
49,0,2,0,3,27,7.18,0.07,0.04,0.97,0.05,2.94,23.34,11.96,11.38,0.0,14,0,38,1995,0,0,0,0
83,0,2,0,2,11,17.84,0.27,0.01,3.21,0.09,9.71,41.75,0.0,41.75,0.01,2,0,35,2008,1,3,2,2
44,0,2,0,4,14,5.08,0.37,0.03,1.64,0.01,1.25,21.81,11.12,10.69,0.0,20,0,90,1994,0,0,0,0
47,0,0,2,4,8,5.72,0.01,0.0,1.1,0.23,3.93,20.89,17.81,3.08,0.0,1,0,32,2000,0,0,0,0
33,1,2,1,9,11,6.07,0.32,0.63,0.0,0.02,1.57,19.44,17.9,1.54,0.0,13,0,91,2000,0,1,1,1
44,1,0,2,3,38,8.95,0.26,0.0,0.16,0.37,6.23,23.95,22.26,1.68,0.0,15,3,92,2000,0,1,1,1
56,1,1,1,12,9,3.79,0.24,0.0,0.0,0.0,0.11,15.99,15.99,0.0,0.0,3,0,71,1996,0,1,1,1
57,1,1,0,6,23,5.22,0.17,0.0,0.17,0.0,0.0,18.0,18.0,0.0,0.0,10,0,18,1997,0,1,1,1
52,1,4,1,10,14,4.81,0.15,0.0,0.34,0.0,0.0,15.18,14.35,0.82,0.01,10,0,18,1996,1,2,3,3
44,0,0,2,3,2,6.31,0.05,0.0,0.57,0.04,3.65,19.54,18.75,0.79,0.0,3,0,29,2000,1,3,2,2
27,0,2,0,1,2,11.1,1.26,0.0,0.63,0.25,17.82,21.92,12.69,9.23,0.01,2,0,59,2000,1,3,2,2
51,0,0,1,2,1,5.99,0.12,0.0,0.0,0.03,2.87,17.86,10.45,7.41,0.0,2,0,3,1998,1,3,2,2
39,0,2,0,2,7,6.3,0.08,0.0,0.86,0.58,2.22,20.68,0.0,20.68,0.0,21,0,93,1999,0,0,0,0
27,0,2,0,1,1,6.57,2.99,0.1,2.34,0.1,5.3,24.4,23.02,1.38,0.04,1,0,1,1997,1,3,2,2
70,1,0,5,11,3,4.7,0.1,0.0,0.0,0.05,4.53,17.65,17.65,0.0,0.0,3,0,29,1997,0,1,1,1
31,1,0,1,3,1,5.45,0.09,0.0,0.0,0.03,2.59,19.13,17.25,1.88,0.0,1,0,23,1997,0,1,1,1
72,0,0,2,2,14,5.52,0.2,0.01,0.31,0.01,0.81,21.18,21.07,0.11,0.0,14,0,38,1996,0,0,0,0
55,1,0,2,3,12,5.05,1.68,5.34,1.49,0.0,0.0,21.56,21.56,0.0,0.05,10,0,18,1993,0,1,1,1
55,0,2,0,8,3,4.56,0.15,0.0,0.0,0.0,0.0,17.25,16.94,0.32,0.0,17,1,94,1999,1,3,2,2
65,0,0,3,11,36,6.14,1.01,0.0,1.53,0.22,1.79,22.17,2.55,19.62,0.0,2,1,95,1997,0,0,0,0
49,1,2,0,10,26,6.37,2.0,0.0,0.0,0.15,11.28,18.35,16.06,2.29,0.0,3,0,29,1995,0,1,1,1
49,0,0,6,2,1,6.44,0.04,0.0,0.09,0.01,1.01,21.65,19.14,2.51,0.0,3,0,71,1997,1,3,2,2
25,0,2,0,2,4,12.5,0.28,0.01,0.0,0.72,10.51,24.81,13.45,11.36,0.0,5,0,39,2007,0,0,0,0
58,0,0,2,4,36,7.55,0.72,2.9,0.14,0.07,6.44,25.03,24.34,0.69,0.0,0,0,81,1985,0,0,0,0
51,1,0,4,9,21,5.87,0.06,0.01,0.0,0.06,4.88,20.24,19.76,0.48,0.02,18,3,96,1993,0,1,1,-1
30,0,2,0,1,19,7.38,0.44,0.0,0.87,0.31,19.68,20.02,19.76,0.25,0.0,2,1,97,1994,0,0,0,0
57,1,0,1,2,11,7.83,0.2,0.0,0.12,0.03,1.75,23.16,22.01,1.15,0.01,1,0,23,2007,0,1,1,1
38,1,3,0,2,7,6.03,0.21,0.01,1.7,0.02,1.01,21.33,21.09,0.24,0.0,2,0,35,2007,0,1,1,1
60,1,0,2,4,3,4.54,1.11,0.77,0.28,0.01,0.51,18.99,10.88,8.11,0.0,4,1,98,1993,0,1,1,1
39,0,0,0,2,7,5.76,0.03,0.01,0.95,0.06,0.94,23.03,22.03,1.0,0.0,2,0,34,2007,0,0,0,0
64,1,0,2,6,0,4.47,0.0,0.0,2.05,0.0,0.0,18.79,18.37,0.42,0.0,2,0,9,2005,1,2,3,3
47,0,2,2,3,2,7.0,0.08,0.0,1.29,0.06,4.2,20.91,15.53,5.39,0.0,10,0,18,2006,0,0,0,0
42,1,4,1,3,2,6.86,0.02,0.0,0.91,0.04,3.93,19.94,13.24,6.7,0.0,2,0,9,2006,1,2,3,3
24,0,2,0,2,1,5.42,4.91,0.02,0.08,0.03,3.44,22.47,0.0,22.47,0.02,2,0,3,2006,1,3,2,2
50,0,0,2,3,0,6.1,0.04,0.0,1.09,0.0,0.19,24.14,23.37,0.77,0.0,2,0,3,1996,1,3,2,2
39,0,0,2,3,0,8.34,0.1,0.0,2.59,0.02,2.01,32.91,28.95,3.97,0.0,2,0,3,2005,0,0,0,0
60,1,0,1,2,3,5.39,0.18,0.05,0.85,0.01,0.76,18.3,1.92,16.39,0.0,2,0,43,1996,0,1,1,1
40,0,0,2,2,21,6.78,0.06,0.0,1.48,0.17,2.78,22.92,21.17,1.75,0.0,1,0,33,2006,0,0,0,0
71,0,0,3,8,22,4.63,0.0,0.0,0.16,0.13,11.79,14.41,14.41,0.0,0.0,1,0,32,2001,0,0,0,0
28,1,2,0,2,0,8.01,0.01,0.01,2.41,0.11,6.68,22.52,21.76,0.75,0.0,2,0,34,2009,1,2,3,3
49,0,0,3,1,17,7.37,0.3,2.73,0.93,0.09,4.8,24.06,23.65,0.42,0.0,2,0,24,2007,0,0,0,0
45,0,0,1,3,0,6.35,0.05,0.01,1.79,0.02,0.76,24.21,23.14,1.07,0.0,2,0,34,2008,0,0,0,0
24,0,2,0,2,0,6.21,0.05,0.01,2.11,0.14,6.76,21.55,19.72,1.83,0.0,2,0,34,2009,1,3,2,2
43,0,0,1,1,3,6.89,0.01,0.01,1.2,0.17,1.59,21.74,0.0,21.74,0.0,2,0,24,2008,0,0,0,0
53,1,0,2,1,3,5.65,0.33,0.0,0.0,0.14,14.07,18.02,17.86,0.16,0.0,2,0,9,2005,0,1,1,1
77,1,1,2,2,48,3.75,0.25,2.5,0.0,0.0,0.0,18.58,18.58,0.0,0.0,0,0,99,1981,0,1,1,1
2,1,0,0,1,2,8.28,0.0,0.0,1.12,0.28,11.32,20.64,3.84,16.8,0.0,5,0,39,2008,1,2,3,3
48,0,4,3,8,12,8.48,0.61,0.01,1.8,0.25,2.46,24.53,22.37,2.16,0.0,2,0,43,2001,1,3,2,2
40,0,0,1,7,2,5.52,0.96,0.01,0.0,0.0,0.0,20.73,0.01,20.72,0.0,2,0,43,1999,0,0,0,0
40,1,2,0,7,11,8.74,0.18,0.05,1.0,0.09,3.64,21.24,0.06,21.18,0.01,2,0,3,2002,1,2,3,3
62,1,0,2,3,20,5.86,0.07,0.0,0.1,0.22,3.79,19.99,0.0,19.99,0.0,2,0,24,2005,0,1,1,1
33,0,0,0,2,10,7.47,0.12,0.0,0.44,0.39,8.03,17.4,1.95,15.45,0.02,1,0,32,2003,0,0,0,0
52,1,0,3,4,14,4.14,0.08,0.0,1.33,0.0,0.0,19.48,19.23,0.26,0.0,1,0,14,2003,0,1,1,1
39,0,3,3,2,24,11.03,1.01,0.01,0.29,0.9,14.85,24.61,8.63,15.98,0.0,2,1,58,2008,0,0,0,0
34,0,0,0,0,13,7.11,0.12,0.0,7.11,0.42,34.3,21.46,0.01,21.45,0.0,22,1,100,2005,0,0,0,-1
32,1,2,0,3,12,4.59,0.13,0.0,1.0,0.0,0.14,18.26,17.55,0.71,0.0,2,0,3,2007,0,1,1,1
65,0,0,1,8,45,13.88,0.03,0.01,1.73,0.01,0.67,46.76,43.67,3.09,0.0,13,0,101,2003,0,0,0,0
44,0,0,0,6,23,12.25,0.16,0.04,1.64,6.84,26.45,24.46,0.0,24.46,0.0,3,0,71,1992,0,0,0,-1
56,1,0,3,7,15,18.81,0.14,0.03,0.46,3.01,41.16,28.46,13.86,14.6,0.0,1,0,32,2002,1,2,3,3
34,1,3,1,4,17,8.06,0.09,0.01,1.34,1.25,6.97,18.02,11.99,6.03,0.0,1,0,33,2003,0,1,1,1
50,0,2,1,16,2,8.34,0.68,0.0,0.96,0.04,3.7,23.35,20.96,2.39,0.0,2,0,43,1990,0,0,0,0
26,1,2,1,1,22,8.03,0.52,0.03,1.07,0.26,0.83,24.16,0.0,24.16,0.01,2,0,35,2007,0,1,1,1
61,0,0,1,1,11,8.77,0.33,0.02,0.48,0.39,4.76,22.92,13.73,9.19,0.0,11,0,20,2008,1,3,2,2
45,1,0,2,1,25,8.02,2.21,1.58,0.15,0.41,15.38,21.1,6.56,14.54,0.01,2,0,34,2007,1,2,3,3
33,0,2,0,1,12,6.35,0.77,0.0,0.76,0.18,6.02,19.89,4.64,15.25,0.0,2,0,3,2006,0,0,0,0
40,1,2,1,2,19,5.19,0.01,0.0,1.0,0.03,0.62,20.16,18.25,1.92,0.0,1,0,7,2007,0,1,1,1
84,0,1,3,14,30,5.77,0.37,0.0,0.12,0.03,2.14,18.29,16.34,1.95,0.01,20,0,88,1995,0,0,0,0
26,0,2,0,1,20,6.3,0.05,0.0,0.99,0.12,4.34,22.54,21.58,0.96,0.0,2,0,34,2008,0,0,0,0
39,1,0,2,2,22,7.57,0.71,0.0,0.29,0.57,9.43,18.14,0.0,18.14,0.0,1,0,7,2007,0,1,1,1
38,0,0,1,1,6,9.52,0.06,0.0,1.32,0.92,8.26,24.92,19.89,5.04,0.0,2,0,9,2004,0,0,0,0
36,1,0,0,1,8,10.02,0.07,0.01,2.19,1.13,30.49,23.78,18.14,5.63,0.0,1,0,7,2007,0,1,1,1
44,0,0,2,3,10,10.32,0.19,0.0,0.0,0.55,13.91,23.61,17.46,6.15,0.0,1,0,32,2006,0,0,0,0
43,1,4,0,2,8,6.24,0.16,0.0,0.0,0.01,0.94,20.09,18.49,1.6,0.0,2,0,3,2006,0,1,1,1
46,1,2,1,2,7,6.03,0.11,0.0,1.33,0.2,4.97,21.58,19.91,1.67,0.0,2,0,3,2005,0,1,1,1
37,0,2,0,2,15,6.95,0.14,0.0,0.0,0.12,9.42,18.46,18.0,0.46,0.01,2,0,34,2007,0,0,0,0
56,0,0,3,1,11,8.45,2.13,2.64,0.0,0.04,3.92,24.19,23.16,1.03,0.0,2,3,70,2002,0,0,0,0
40,0,3,3,3,0,5.3,0.17,0.01,1.26,0.06,5.56,20.22,18.79,1.43,0.0,2,0,3,2004,1,3,2,2
52,1,2,2,4,23,5.85,0.09,0.0,1.2,0.11,1.33,21.89,20.11,1.78,0.0,2,0,9,2005,1,2,3,3
45,1,2,0,2,17,4.06,0.53,3.27,0.0,0.0,0.0,12.81,12.81,0.0,0.0,2,0,63,1993,0,1,1,1
2,0,0,2,2,2,6.64,0.18,0.0,0.0,0.07,1.72,19.23,18.49,0.74,0.0,1,0,32,2005,1,3,2,2
31,0,2,1,1,18,14.51,0.23,0.03,2.35,2.7,31.82,27.67,15.74,11.93,0.0,2,0,43,2000,1,3,2,2
65,0,0,4,7,38,5.29,0.07,0.0,0.6,1.38,5.66,21.13,0.0,21.13,0.0,2,0,43,2002,0,0,0,0
27,1,1,1,2,4,6.18,0.15,0.0,1.22,0.01,0.45,19.16,18.12,1.05,0.0,13,0,101,2007,0,1,1,1
48,1,0,2,2,2,11.09,0.45,0.0,0.0,0.08,4.78,26.97,0.0,26.97,0.01,2,0,66,2007,0,1,1,1
21,0,0,2,2,21,7.2,0.24,0.0,0.0,0.0,0.0,19.8,19.66,0.15,0.0,3,0,29,2002,0,0,0,0
51,1,0,3,5,13,10.0,0.06,0.02,1.54,0.42,23.35,20.2,11.96,8.24,0.0,10,3,102,1998,1,2,3,-1
15,0,0,0,13,1,6.19,0.0,0.0,1.25,0.02,1.27,27.45,0.03,27.41,0.0,10,1,103,1999,0,0,0,0
61,0,0,3,2,2,5.83,1.28,0.09,1.11,0.04,4.76,17.64,17.02,0.62,0.0,17,1,104,2003,0,0,0,0
52,0,0,2,2,21,7.84,7.4,1.44,0.37,0.52,9.74,19.03,16.93,2.1,0.05,10,0,18,2007,0,0,0,0
58,1,0,2,4,21,10.83,0.5,0.67,0.17,0.67,21.49,23.37,15.21,8.17,0.0,10,0,18,2004,0,1,1,1
49,0,0,2,2,7,11.0,1.61,2.26,0.3,0.96,26.13,25.54,15.48,10.05,0.0,2,0,34,2007,0,0,0,0
82,0,0,4,1,25,4.45,0.03,0.06,0.51,0.0,0.14,19.44,14.97,4.47,0.0,6,1,105,2009,1,3,2,2
46,0,1,1,13,16,4.28,2.27,0.0,0.81,0.01,1.07,15.36,15.36,0.0,0.0,9,1,16,1995,1,3,2,2
56,1,0,2,4,13,6.96,0.28,0.01,1.91,0.13,4.71,22.56,19.59,2.97,0.01,1,0,23,2006,1,2,3,3
48,1,2,0,9,25,7.16,0.03,0.0,0.0,0.03,3.94,17.9,14.31,3.59,0.0,3,0,29,1999,1,2,3,3
46,1,2,1,2,7,6.01,0.25,0.0,0.04,0.0,0.0,23.04,22.91,0.13,0.0,3,0,71,2002,0,1,1,1
53,1,1,4,2,25,2.61,0.04,0.01,0.0,0.0,0.0,11.97,0.05,11.92,0.01,1,0,33,2007,1,2,3,3
34,0,0,0,12,13,5.59,0.88,0.0,0.0,0.0,0.0,15.91,13.19,2.72,0.0,2,0,43,1992,0,0,0,0
